[
    {
      "id": 1,
      "firstName": "User One",
      "lastName": "Y",
      "age": 15,
      "weight": 45,
      "height": 1.5240,
      "gender": "Female"
    },
    {
      "id": 2,
      "firstName": "User Two",
      "lastName": "Y",
      "age": 85,
      "weight": 65,
      "height": 1.5240,
      "gender": "Male"
    },
    {
      "id": 3,
      "firstName": "User Three",
      "lastName": "Y",
      "age": 25,
      "weight": 45,
      "height": 1.5240,
      "gender": "Female"
    },
    {
      "id": 4,
      "firstName": "User Four",
      "lastName": "Y",
      "age": 25,
      "weight": 70,
      "height": 1.5240,
      "gender": "Male"
    }
  ]